{
  "train_reference": {
    "brier_score": 0.17720472279501148,
    "ece_10_bins": 0.10590984913900658,
    "log_loss": 0.5309446045440668,
    "mce_10_bins": 0.35578125822053275
  },
  "validation": {
    "brier_score": 0.18063956238352116,
    "ece_10_bins": 0.16016837004515336,
    "log_loss": 0.5366351275146446,
    "mce_10_bins": 0.2946252259522817
  }
}
